Layer,Total_Pixels,Valid_Pixels,NoData_Pixels,Data_Completeness_%
DEM,5012271,5012271,0,100.0
Slope,5012271,3141127,1871144,62.668738382262255
Aspect,5012271,3141127,1871144,62.668738382262255
LULC,5014438,5014438,0,100.0
NDVI,5016752,3148775,1867977,62.76521143560615
Rainfall,210,143,67,68.0952380952381
RiverProximity,4462912,4462912,0,100.0
RoadProximity,4462912,4462912,0,100.0
TWI,5016752,3140256,1876496,62.59540037059834
